Year Folder,Year,File Name,Original Path,Destination Path,File Size (KB)
2009-20251203T173017Z-1-001,2009,1001601_10K_2009_0001104659-10-017090.json,C:\Users\aj_go\OneDrive - purdue.edu\10k extraction\MDA\2009-20251203T173017Z-1-001\2009\1001601_10K_2009_0001104659-10-017090.json,C:\Users\aj_go\OneDrive - purdue.edu\10k extraction\MDA_Sampling\random_samples_2025-12-16_10-09-22\2009-20251203T173017Z-1-001\2009\1001601_10K_2009_0001104659-10-017090.json,40.35
2009-20251203T173017Z-1-001,2009,1273931_10K_2009_0000950123-10-024699.json,C:\Users\aj_go\OneDrive - purdue.edu\10k extraction\MDA\2009-20251203T173017Z-1-001\2009\1273931_10K_2009_0000950123-10-024699.json,C:\Users\aj_go\OneDrive - purdue.edu\10k extraction\MDA_Sampling\random_samples_2025-12-16_10-09-22\2009-20251203T173017Z-1-001\2009\1273931_10K_2009_0000950123-10-024699.json,147.74
2009-20251203T173017Z-1-001,2009,354707_10K_2009_0001193125-10-042821.json,C:\Users\aj_go\OneDrive - purdue.edu\10k extraction\MDA\2009-20251203T173017Z-1-001\2009\354707_10K_2009_0001193125-10-042821.json,C:\Users\aj_go\OneDrive - purdue.edu\10k extraction\MDA_Sampling\random_samples_2025-12-16_10-09-22\2009-20251203T173017Z-1-001\2009\354707_10K_2009_0001193125-10-042821.json,1.07
2009-20251203T173017Z-1-001,2009,895456_10K_2009_0001144204-10-010990.json,C:\Users\aj_go\OneDrive - purdue.edu\10k extraction\MDA\2009-20251203T173017Z-1-001\2009\895456_10K_2009_0001144204-10-010990.json,C:\Users\aj_go\OneDrive - purdue.edu\10k extraction\MDA_Sampling\random_samples_2025-12-16_10-09-22\2009-20251203T173017Z-1-001\2009\895456_10K_2009_0001144204-10-010990.json,43.26
2010-20251203T180659Z-1-001,2010,1024126_10K_2010_0001354488-11-001006.json,C:\Users\aj_go\OneDrive - purdue.edu\10k extraction\MDA\2010-20251203T180659Z-1-001\2010\1024126_10K_2010_0001354488-11-001006.json,C:\Users\aj_go\OneDrive - purdue.edu\10k extraction\MDA_Sampling\random_samples_2025-12-16_10-09-22\2010-20251203T180659Z-1-001\2010\1024126_10K_2010_0001354488-11-001006.json,61.05
2010-20251203T180659Z-1-001,2010,1208208_10K_2010_0000950123-11-019769.json,C:\Users\aj_go\OneDrive - purdue.edu\10k extraction\MDA\2010-20251203T180659Z-1-001\2010\1208208_10K_2010_0000950123-11-019769.json,C:\Users\aj_go\OneDrive - purdue.edu\10k extraction\MDA_Sampling\random_samples_2025-12-16_10-09-22\2010-20251203T180659Z-1-001\2010\1208208_10K_2010_0000950123-11-019769.json,62.82
2010-20251203T180659Z-1-001,2010,1018840_10K_2010_0000950123-10-029409.json,C:\Users\aj_go\OneDrive - purdue.edu\10k extraction\MDA\2010-20251203T180659Z-1-001\2010\1018840_10K_2010_0000950123-10-029409.json,C:\Users\aj_go\OneDrive - purdue.edu\10k extraction\MDA_Sampling\random_samples_2025-12-16_10-09-22\2010-20251203T180659Z-1-001\2010\1018840_10K_2010_0000950123-10-029409.json,49.49
2010-20251203T180659Z-1-001,2010,803014_10K_2010_0001193125-11-013528.json,C:\Users\aj_go\OneDrive - purdue.edu\10k extraction\MDA\2010-20251203T180659Z-1-001\2010\803014_10K_2010_0001193125-11-013528.json,C:\Users\aj_go\OneDrive - purdue.edu\10k extraction\MDA_Sampling\random_samples_2025-12-16_10-09-22\2010-20251203T180659Z-1-001\2010\803014_10K_2010_0001193125-11-013528.json,245.87
2010-20251203T180659Z-1-001,2010,878079_10K_2010_0000950123-10-035503.json,C:\Users\aj_go\OneDrive - purdue.edu\10k extraction\MDA\2010-20251203T180659Z-1-001\2010\878079_10K_2010_0000950123-10-035503.json,C:\Users\aj_go\OneDrive - purdue.edu\10k extraction\MDA_Sampling\random_samples_2025-12-16_10-09-22\2010-20251203T180659Z-1-001\2010\878079_10K_2010_0000950123-10-035503.json,55.7
2015-20251203T200803Z-1-001,2015,883902_10K_2015_0000883902-15-000009.json,C:\Users\aj_go\OneDrive - purdue.edu\10k extraction\MDA\2015-20251203T200803Z-1-001\2015\883902_10K_2015_0000883902-15-000009.json,C:\Users\aj_go\OneDrive - purdue.edu\10k extraction\MDA_Sampling\random_samples_2025-12-16_10-09-22\2015-20251203T200803Z-1-001\2015\883902_10K_2015_0000883902-15-000009.json,149.09
2015-20251203T200803Z-1-001,2015,1079297_10K_2015_0001213900-15-006060.json,C:\Users\aj_go\OneDrive - purdue.edu\10k extraction\MDA\2015-20251203T200803Z-1-001\2015\1079297_10K_2015_0001213900-15-006060.json,C:\Users\aj_go\OneDrive - purdue.edu\10k extraction\MDA_Sampling\random_samples_2025-12-16_10-09-22\2015-20251203T200803Z-1-001\2015\1079297_10K_2015_0001213900-15-006060.json,21.84
2015-20251203T200803Z-1-001,2015,1412100_10K_2015_0001412100-16-000132.json,C:\Users\aj_go\OneDrive - purdue.edu\10k extraction\MDA\2015-20251203T200803Z-1-001\2015\1412100_10K_2015_0001412100-16-000132.json,C:\Users\aj_go\OneDrive - purdue.edu\10k extraction\MDA_Sampling\random_samples_2025-12-16_10-09-22\2015-20251203T200803Z-1-001\2015\1412100_10K_2015_0001412100-16-000132.json,116.59
2015-20251203T200803Z-1-001,2015,840489_10K_2015_0000840489-16-000076.json,C:\Users\aj_go\OneDrive - purdue.edu\10k extraction\MDA\2015-20251203T200803Z-1-001\2015\840489_10K_2015_0000840489-16-000076.json,C:\Users\aj_go\OneDrive - purdue.edu\10k extraction\MDA_Sampling\random_samples_2025-12-16_10-09-22\2015-20251203T200803Z-1-001\2015\840489_10K_2015_0000840489-16-000076.json,66.75
2015-20251203T200803Z-1-001,2015,1228454_10K_2015_0001228454-16-000016.json,C:\Users\aj_go\OneDrive - purdue.edu\10k extraction\MDA\2015-20251203T200803Z-1-001\2015\1228454_10K_2015_0001228454-16-000016.json,C:\Users\aj_go\OneDrive - purdue.edu\10k extraction\MDA_Sampling\random_samples_2025-12-16_10-09-22\2015-20251203T200803Z-1-001\2015\1228454_10K_2015_0001228454-16-000016.json,39.72
2018-20251215T195447Z-1-001,2018,1598014_10K_2018_0001598014-19-000017.json,C:\Users\aj_go\OneDrive - purdue.edu\10k extraction\MDA\2018-20251215T195447Z-1-001\2018\1598014_10K_2018_0001598014-19-000017.json,C:\Users\aj_go\OneDrive - purdue.edu\10k extraction\MDA_Sampling\random_samples_2025-12-16_10-09-22\2018-20251215T195447Z-1-001\2018\1598014_10K_2018_0001598014-19-000017.json,129.15
2018-20251215T195447Z-1-001,2018,1368458_10K_2018_0001564590-18-029551.json,C:\Users\aj_go\OneDrive - purdue.edu\10k extraction\MDA\2018-20251215T195447Z-1-001\2018\1368458_10K_2018_0001564590-18-029551.json,C:\Users\aj_go\OneDrive - purdue.edu\10k extraction\MDA_Sampling\random_samples_2025-12-16_10-09-22\2018-20251215T195447Z-1-001\2018\1368458_10K_2018_0001564590-18-029551.json,66.39
2018-20251215T195447Z-1-001,2018,1605607_10K_2018_0001564590-19-002868.json,C:\Users\aj_go\OneDrive - purdue.edu\10k extraction\MDA\2018-20251215T195447Z-1-001\2018\1605607_10K_2018_0001564590-19-002868.json,C:\Users\aj_go\OneDrive - purdue.edu\10k extraction\MDA_Sampling\random_samples_2025-12-16_10-09-22\2018-20251215T195447Z-1-001\2018\1605607_10K_2018_0001564590-19-002868.json,93.56
2018-20251215T195447Z-1-001,2018,1130166_10K_2018_0001144204-19-016652.json,C:\Users\aj_go\OneDrive - purdue.edu\10k extraction\MDA\2018-20251215T195447Z-1-001\2018\1130166_10K_2018_0001144204-19-016652.json,C:\Users\aj_go\OneDrive - purdue.edu\10k extraction\MDA_Sampling\random_samples_2025-12-16_10-09-22\2018-20251215T195447Z-1-001\2018\1130166_10K_2018_0001144204-19-016652.json,72.61
2018-20251215T195447Z-1-001,2018,55242_10K_2018_0000055242-18-000025.json,C:\Users\aj_go\OneDrive - purdue.edu\10k extraction\MDA\2018-20251215T195447Z-1-001\2018\55242_10K_2018_0000055242-18-000025.json,C:\Users\aj_go\OneDrive - purdue.edu\10k extraction\MDA_Sampling\random_samples_2025-12-16_10-09-22\2018-20251215T195447Z-1-001\2018\55242_10K_2018_0000055242-18-000025.json,71.1
2019-20251215T193740Z-1-001,2019,855874_10K_2019_0001628280-20-002934.json,C:\Users\aj_go\OneDrive - purdue.edu\10k extraction\MDA\2019-20251215T193740Z-1-001\2019\855874_10K_2019_0001628280-20-002934.json,C:\Users\aj_go\OneDrive - purdue.edu\10k extraction\MDA_Sampling\random_samples_2025-12-16_10-09-22\2019-20251215T193740Z-1-001\2019\855874_10K_2019_0001628280-20-002934.json,113.9
2019-20251215T193740Z-1-001,2019,855683_10K_2019_0001437749-20-006563.json,C:\Users\aj_go\OneDrive - purdue.edu\10k extraction\MDA\2019-20251215T193740Z-1-001\2019\855683_10K_2019_0001437749-20-006563.json,C:\Users\aj_go\OneDrive - purdue.edu\10k extraction\MDA_Sampling\random_samples_2025-12-16_10-09-22\2019-20251215T193740Z-1-001\2019\855683_10K_2019_0001437749-20-006563.json,46.27
2019-20251215T193740Z-1-001,2019,1347178_10K_2019_0001347178-20-000003.json,C:\Users\aj_go\OneDrive - purdue.edu\10k extraction\MDA\2019-20251215T193740Z-1-001\2019\1347178_10K_2019_0001347178-20-000003.json,C:\Users\aj_go\OneDrive - purdue.edu\10k extraction\MDA_Sampling\random_samples_2025-12-16_10-09-22\2019-20251215T193740Z-1-001\2019\1347178_10K_2019_0001347178-20-000003.json,47.25
2019-20251215T193740Z-1-001,2019,1097149_10K_2019_0001097149-20-000008.json,C:\Users\aj_go\OneDrive - purdue.edu\10k extraction\MDA\2019-20251215T193740Z-1-001\2019\1097149_10K_2019_0001097149-20-000008.json,C:\Users\aj_go\OneDrive - purdue.edu\10k extraction\MDA_Sampling\random_samples_2025-12-16_10-09-22\2019-20251215T193740Z-1-001\2019\1097149_10K_2019_0001097149-20-000008.json,67.38
2019-20251215T193740Z-1-001,2019,889609_10K_2019_0001683168-20-000831.json,C:\Users\aj_go\OneDrive - purdue.edu\10k extraction\MDA\2019-20251215T193740Z-1-001\2019\889609_10K_2019_0001683168-20-000831.json,C:\Users\aj_go\OneDrive - purdue.edu\10k extraction\MDA_Sampling\random_samples_2025-12-16_10-09-22\2019-20251215T193740Z-1-001\2019\889609_10K_2019_0001683168-20-000831.json,95.3
2020-20251215T192047Z-1-001,2020,1643988_10K_2020_0001387131-21-004517.json,C:\Users\aj_go\OneDrive - purdue.edu\10k extraction\MDA\2020-20251215T192047Z-1-001\2020\1643988_10K_2020_0001387131-21-004517.json,C:\Users\aj_go\OneDrive - purdue.edu\10k extraction\MDA_Sampling\random_samples_2025-12-16_10-09-22\2020-20251215T192047Z-1-001\2020\1643988_10K_2020_0001387131-21-004517.json,80.83
2020-20251215T192047Z-1-001,2020,1801075_10K_2020_0001801075-21-000005.json,C:\Users\aj_go\OneDrive - purdue.edu\10k extraction\MDA\2020-20251215T192047Z-1-001\2020\1801075_10K_2020_0001801075-21-000005.json,C:\Users\aj_go\OneDrive - purdue.edu\10k extraction\MDA_Sampling\random_samples_2025-12-16_10-09-22\2020-20251215T192047Z-1-001\2020\1801075_10K_2020_0001801075-21-000005.json,94.68
2020-20251215T192047Z-1-001,2020,1262976_10K_2020_0001262976-20-000060.json,C:\Users\aj_go\OneDrive - purdue.edu\10k extraction\MDA\2020-20251215T192047Z-1-001\2020\1262976_10K_2020_0001262976-20-000060.json,C:\Users\aj_go\OneDrive - purdue.edu\10k extraction\MDA_Sampling\random_samples_2025-12-16_10-09-22\2020-20251215T192047Z-1-001\2020\1262976_10K_2020_0001262976-20-000060.json,84.89
2020-20251215T192047Z-1-001,2020,1596946_10K_2020_0001564590-20-029174.json,C:\Users\aj_go\OneDrive - purdue.edu\10k extraction\MDA\2020-20251215T192047Z-1-001\2020\1596946_10K_2020_0001564590-20-029174.json,C:\Users\aj_go\OneDrive - purdue.edu\10k extraction\MDA_Sampling\random_samples_2025-12-16_10-09-22\2020-20251215T192047Z-1-001\2020\1596946_10K_2020_0001564590-20-029174.json,99.18
2020-20251215T192047Z-1-001,2020,857855_10K_2020_0000857855-21-000012.json,C:\Users\aj_go\OneDrive - purdue.edu\10k extraction\MDA\2020-20251215T192047Z-1-001\2020\857855_10K_2020_0000857855-21-000012.json,C:\Users\aj_go\OneDrive - purdue.edu\10k extraction\MDA_Sampling\random_samples_2025-12-16_10-09-22\2020-20251215T192047Z-1-001\2020\857855_10K_2020_0000857855-21-000012.json,70.39
2021-20251215T191540Z-1-001,2021,1421517_10K_2021_0001421517-22-000037.json,C:\Users\aj_go\OneDrive - purdue.edu\10k extraction\MDA\2021-20251215T191540Z-1-001\2021\1421517_10K_2021_0001421517-22-000037.json,C:\Users\aj_go\OneDrive - purdue.edu\10k extraction\MDA_Sampling\random_samples_2025-12-16_10-09-22\2021-20251215T191540Z-1-001\2021\1421517_10K_2021_0001421517-22-000037.json,44.64
2021-20251215T191540Z-1-001,2021,1716166_10K_2021_0001493152-22-008452.json,C:\Users\aj_go\OneDrive - purdue.edu\10k extraction\MDA\2021-20251215T191540Z-1-001\2021\1716166_10K_2021_0001493152-22-008452.json,C:\Users\aj_go\OneDrive - purdue.edu\10k extraction\MDA_Sampling\random_samples_2025-12-16_10-09-22\2021-20251215T191540Z-1-001\2021\1716166_10K_2021_0001493152-22-008452.json,65.51
2021-20251215T191540Z-1-001,2021,1744489_10K_2021_0001744489-21-000220.json,C:\Users\aj_go\OneDrive - purdue.edu\10k extraction\MDA\2021-20251215T191540Z-1-001\2021\1744489_10K_2021_0001744489-21-000220.json,C:\Users\aj_go\OneDrive - purdue.edu\10k extraction\MDA_Sampling\random_samples_2025-12-16_10-09-22\2021-20251215T191540Z-1-001\2021\1744489_10K_2021_0001744489-21-000220.json,74.52
2021-20251215T191540Z-1-001,2021,1631282_10K_2021_0001213900-21-050298.json,C:\Users\aj_go\OneDrive - purdue.edu\10k extraction\MDA\2021-20251215T191540Z-1-001\2021\1631282_10K_2021_0001213900-21-050298.json,C:\Users\aj_go\OneDrive - purdue.edu\10k extraction\MDA_Sampling\random_samples_2025-12-16_10-09-22\2021-20251215T191540Z-1-001\2021\1631282_10K_2021_0001213900-21-050298.json,41.99
2021-20251215T191540Z-1-001,2021,1725255_10K_2021_0001558370-22-002603.json,C:\Users\aj_go\OneDrive - purdue.edu\10k extraction\MDA\2021-20251215T191540Z-1-001\2021\1725255_10K_2021_0001558370-22-002603.json,C:\Users\aj_go\OneDrive - purdue.edu\10k extraction\MDA_Sampling\random_samples_2025-12-16_10-09-22\2021-20251215T191540Z-1-001\2021\1725255_10K_2021_0001558370-22-002603.json,105.36
2022-20251215T180458Z-1-001,2022,729986_10K_2022_0001193125-23-056045.json,C:\Users\aj_go\OneDrive - purdue.edu\10k extraction\MDA\2022-20251215T180458Z-1-001\2022\729986_10K_2022_0001193125-23-056045.json,C:\Users\aj_go\OneDrive - purdue.edu\10k extraction\MDA_Sampling\random_samples_2025-12-16_10-09-22\2022-20251215T180458Z-1-001\2022\729986_10K_2022_0001193125-23-056045.json,0.75
2022-20251215T180458Z-1-001,2022,1786108_10K_2022_0000950170-23-005807.json,C:\Users\aj_go\OneDrive - purdue.edu\10k extraction\MDA\2022-20251215T180458Z-1-001\2022\1786108_10K_2022_0000950170-23-005807.json,C:\Users\aj_go\OneDrive - purdue.edu\10k extraction\MDA_Sampling\random_samples_2025-12-16_10-09-22\2022-20251215T180458Z-1-001\2022\1786108_10K_2022_0000950170-23-005807.json,43.99
2022-20251215T180458Z-1-001,2022,1027838_10K_2022_0001558370-23-001580.json,C:\Users\aj_go\OneDrive - purdue.edu\10k extraction\MDA\2022-20251215T180458Z-1-001\2022\1027838_10K_2022_0001558370-23-001580.json,C:\Users\aj_go\OneDrive - purdue.edu\10k extraction\MDA_Sampling\random_samples_2025-12-16_10-09-22\2022-20251215T180458Z-1-001\2022\1027838_10K_2022_0001558370-23-001580.json,52.1
2022-20251215T180458Z-1-001,2022,100517_10K_2022_0000100517-23-000048.json,C:\Users\aj_go\OneDrive - purdue.edu\10k extraction\MDA\2022-20251215T180458Z-1-001\2022\100517_10K_2022_0000100517-23-000048.json,C:\Users\aj_go\OneDrive - purdue.edu\10k extraction\MDA_Sampling\random_samples_2025-12-16_10-09-22\2022-20251215T180458Z-1-001\2022\100517_10K_2022_0000100517-23-000048.json,56.07
2022-20251215T180458Z-1-001,2022,1754820_10K_2022_0001558370-23-002567.json,C:\Users\aj_go\OneDrive - purdue.edu\10k extraction\MDA\2022-20251215T180458Z-1-001\2022\1754820_10K_2022_0001558370-23-002567.json,C:\Users\aj_go\OneDrive - purdue.edu\10k extraction\MDA_Sampling\random_samples_2025-12-16_10-09-22\2022-20251215T180458Z-1-001\2022\1754820_10K_2022_0001558370-23-002567.json,80.46
2023-20251215T180106Z-1-001,2023,1487918_10K_2023_0001487918-24-000006.json,C:\Users\aj_go\OneDrive - purdue.edu\10k extraction\MDA\2023-20251215T180106Z-1-001\2023\1487918_10K_2023_0001487918-24-000006.json,C:\Users\aj_go\OneDrive - purdue.edu\10k extraction\MDA_Sampling\random_samples_2025-12-16_10-09-22\2023-20251215T180106Z-1-001\2023\1487918_10K_2023_0001487918-24-000006.json,91.47
2023-20251215T180106Z-1-001,2023,809248_10K_2023_0000809248-23-000041.json,C:\Users\aj_go\OneDrive - purdue.edu\10k extraction\MDA\2023-20251215T180106Z-1-001\2023\809248_10K_2023_0000809248-23-000041.json,C:\Users\aj_go\OneDrive - purdue.edu\10k extraction\MDA_Sampling\random_samples_2025-12-16_10-09-22\2023-20251215T180106Z-1-001\2023\809248_10K_2023_0000809248-23-000041.json,128.4
2023-20251215T180106Z-1-001,2023,1473490_10K_2023_0001493152-24-005474.json,C:\Users\aj_go\OneDrive - purdue.edu\10k extraction\MDA\2023-20251215T180106Z-1-001\2023\1473490_10K_2023_0001493152-24-005474.json,C:\Users\aj_go\OneDrive - purdue.edu\10k extraction\MDA_Sampling\random_samples_2025-12-16_10-09-22\2023-20251215T180106Z-1-001\2023\1473490_10K_2023_0001493152-24-005474.json,23.16
2023-20251215T180106Z-1-001,2023,1534504_10K_2023_0001534504-24-000011.json,C:\Users\aj_go\OneDrive - purdue.edu\10k extraction\MDA\2023-20251215T180106Z-1-001\2023\1534504_10K_2023_0001534504-24-000011.json,C:\Users\aj_go\OneDrive - purdue.edu\10k extraction\MDA_Sampling\random_samples_2025-12-16_10-09-22\2023-20251215T180106Z-1-001\2023\1534504_10K_2023_0001534504-24-000011.json,136.08
2023-20251215T180106Z-1-001,2023,1382230_10K_2023_0000950170-23-070332.json,C:\Users\aj_go\OneDrive - purdue.edu\10k extraction\MDA\2023-20251215T180106Z-1-001\2023\1382230_10K_2023_0000950170-23-070332.json,C:\Users\aj_go\OneDrive - purdue.edu\10k extraction\MDA_Sampling\random_samples_2025-12-16_10-09-22\2023-20251215T180106Z-1-001\2023\1382230_10K_2023_0000950170-23-070332.json,41.78
2024-20251215T175031Z-1-001,2024,1020569_10K_2024_0001020569-25-000040.json,C:\Users\aj_go\OneDrive - purdue.edu\10k extraction\MDA\2024-20251215T175031Z-1-001\2024\1020569_10K_2024_0001020569-25-000040.json,C:\Users\aj_go\OneDrive - purdue.edu\10k extraction\MDA_Sampling\random_samples_2025-12-16_10-09-22\2024-20251215T175031Z-1-001\2024\1020569_10K_2024_0001020569-25-000040.json,72.07
2024-20251215T175031Z-1-001,2024,903419_10K_2024_0001437749-25-007629.json,C:\Users\aj_go\OneDrive - purdue.edu\10k extraction\MDA\2024-20251215T175031Z-1-001\2024\903419_10K_2024_0001437749-25-007629.json,C:\Users\aj_go\OneDrive - purdue.edu\10k extraction\MDA_Sampling\random_samples_2025-12-16_10-09-22\2024-20251215T175031Z-1-001\2024\903419_10K_2024_0001437749-25-007629.json,76.99
2024-20251215T175031Z-1-001,2024,1577670_10K_2024_0001577670-25-000010.json,C:\Users\aj_go\OneDrive - purdue.edu\10k extraction\MDA\2024-20251215T175031Z-1-001\2024\1577670_10K_2024_0001577670-25-000010.json,C:\Users\aj_go\OneDrive - purdue.edu\10k extraction\MDA_Sampling\random_samples_2025-12-16_10-09-22\2024-20251215T175031Z-1-001\2024\1577670_10K_2024_0001577670-25-000010.json,69.09
2024-20251215T175031Z-1-001,2024,1393434_10K_2024_0001558370-25-002000.json,C:\Users\aj_go\OneDrive - purdue.edu\10k extraction\MDA\2024-20251215T175031Z-1-001\2024\1393434_10K_2024_0001558370-25-002000.json,C:\Users\aj_go\OneDrive - purdue.edu\10k extraction\MDA_Sampling\random_samples_2025-12-16_10-09-22\2024-20251215T175031Z-1-001\2024\1393434_10K_2024_0001558370-25-002000.json,62.65
2024-20251215T175031Z-1-001,2024,318154_10K_2024_0000318154-25-000010.json,C:\Users\aj_go\OneDrive - purdue.edu\10k extraction\MDA\2024-20251215T175031Z-1-001\2024\318154_10K_2024_0000318154-25-000010.json,C:\Users\aj_go\OneDrive - purdue.edu\10k extraction\MDA_Sampling\random_samples_2025-12-16_10-09-22\2024-20251215T175031Z-1-001\2024\318154_10K_2024_0000318154-25-000010.json,70.29
2025-20251215T174750Z-1-001,2025,1647822_10K_2025_0001641172-25-014855.json,C:\Users\aj_go\OneDrive - purdue.edu\10k extraction\MDA\2025-20251215T174750Z-1-001\2025\1647822_10K_2025_0001641172-25-014855.json,C:\Users\aj_go\OneDrive - purdue.edu\10k extraction\MDA_Sampling\random_samples_2025-12-16_10-09-22\2025-20251215T174750Z-1-001\2025\1647822_10K_2025_0001641172-25-014855.json,106.95
